title,full_text,generated,full_text_original
황장산,울릉~소석비대라는 이름의 작은 철책 길이를 가진 울진군 자갈암 계곡이나 독곶감 같은 명소도 변함없이 존재한다,1,"이강산 근처에 위치한 울진군 자갈암 계곡이나 독곶감 같은 명질도 변하지 않고 그냥 울릉~소석비대라는 명칭의 작은 철책 길이, 육지로 된 철문이 많다고 한다."
2015년 KIA 타이거즈 시즌,"이범호 선수는 지난해 38세에 스나이더(현 넥센), 문태종(당시 SK), 서상우(41·KIA)를 제치고 올림피아드 통산 355의 경장을 기록했다.",1,"이범호 선수는 올림피아드 통산 355로 경장 자리에 올랐으며 작년 38세에 스나이더(현 넥센), 문태종(당시 SK), 서상우(41·K"
판소리고법 (서울특별시 무형문화재),판소리와 관련된 판소리를 북으로 불리는 고명(文禪)이 보통의 장르로 취급되긴 했으나 판소리 원조(原窯) ‘북 세상’(북,1,"판소리고법(판소리鼓法)은 판소리의 반주로 고수가 북 장단을 연주하는 것을 의미한다. 판소리는 일고수 이명창(一鼓手二名唱) 또는 암고수 숫명창이라 하여 고수의 기예를 매우 중요하게 여겼다.
판소리의 고법은 판소리 발생과 함께 시작되었을 것으로 보인다. 그것은 판소리와 비슷한 음악적 특징을 갖는 창우의 고사소리가 북 반주로 불리는 데서 알 수 있다. 순조(純祖) 때 송광록(宋光祿)은 송흥록(宋興祿)의 고수로 있다가 판소리로 돌려서 명창이 되었고, 역시 순조 때 주덕기(朱悳基)도 송흥록·모흥갑(牟興甲)의 고수로 있다가 명창이 되었다. 순조 때 활약한 판소리 명창 가운데 이른바 8명창이 있었는데 이 시절에는 진양을 6박으로 쳤다고 한다. 그 당시에는 소리에 따라서 맺고 푸는 고법을 본격적으로 활용하지 않은 것 같으며, 또 중몰이·중중몰이·자진몰이의 경우에도 맺고 푸는 고법이 충분히 이론화되지 않았던 것 같다. 또 휘몰이 장단은 순조 말기에 활약한 고수 문석준(文錫俊)이 <흥보가>의 박타는 대목에서 비롯된 것으로 짐작된다.
한성준 등 이들 명고수들은 판소리 고법의 체계를 세우는 데 공헌했으며, 오성삼(吳聖三)은 진양을 24박으로 치고 기(起)ㆍ경(景)ㆍ결(結)ㆍ해(解)라 하여 매 각(刻)마다 맺고 푸는 고법을 쳤다. 신찬문은 북의 맺고 푸는 고법을 완성했을 뿐만 아니라 북채 들고 너름새하는 법, 추임새하는 법 등 북채의 이론에 체계를 세웠다. 장판개(張判介)는 소리의 등배에 따라 북을 맺고 푸는 고법을 발전시켰으며, 광복 후에는 김재선(金在先)ㆍ이정업(李正業)ㆍ김명환(金命煥)ㆍ김득수(金得洙)ㆍ김동준(金東俊) 등이 활동하였다. 정화영은 김동준에게 판소리 고법을 본격적으로 배우기 시작했으나 김동준이 일찍 작고했기 때문에 이수자로 인정되지 못하였다고 한다.
판소리에 사용되는 소리북은 고장북이라고 불리며 고장이란 장단의 방언이다. 소리북은 높이가 23cm에 지름이 47cm 정도 되는 통으로 제작되며 양쪽에 소가죽이 붙어 있다. 북통은 통북이라고도 하며 오동나무나 다른 종류의 통나무를 파서 만들기도 하지만 일반적으로 소나무를 여러 조각으로 깎아 통처럼 조립한다. 북채는 박달나무, 대추나무 또는 탱자나무와 같은 단단한 나무로 만들어진다.
판소리에 쓰이는 장단에는 진양·중몰이·중중몰이·자진몰이·휘몰이·엇몰이·엇중몰이가 있다. 판소리의 선율은 맺고 푼다 하여 악절에 따라 선율의 기복(起伏)이 있는데, 이것을 소리의 등배 또는 생사맥(生死脈)이라고도 한다.
정화영의 연주법은 왼손잡이이므로 북을 오른편에 당겨 놓고 치며 북채는 왼손으로 쥐고 치되 자연스럽게 쥐고, 채편 대접을 같은 모양으로 친다. 또 궁편은 오른손으로 치되 팔을 곧게 펴지 않고 자연스레 펴 오른손 엄지를 북통 전에 걸치고 치며, 특별한 경우가 아니면 엄지를 전에서 떼지 않는다.
오른손 채손은 북을 칠 때 머리 위나 음편으로 멀리 나가지 않도록 주의한다. 대점은 채를 수평으로 내려치며 북통의 위쪽이나 가운데를 정확히 치고 소점은 조금 안쪽으로 당겨서 친다.
맺고 푸는 주법은 진양 장단을 치며 다른 장단은 맺을 경우에는 결박에 대점을 치고 그렇지 않을 때에는 소점을 친다고 하며, 사치가락은 고정된 사치가락이 많지 않고 그때그때 만들어 친다.
북편 성음은 다소 음성적인 묵직한 성음이며, 채편 성음 또한 무겁고 단단한 성음으로, 요즈음 고법의 경향이 가볍고 번잡한 성음으로 기울고 있는 것과는 대조가 된다.
추임새는 그 위치와 말의 선택이 적절하며 성음이 북성음과 잘 어우러진다. 그러나 때때로 돋우어 주는 추임새의 신명이 부족한 경우가 있다고 한다.
정화영은 김명환·김동준이 사사했던 장판개의 고법을 계승하고 있다."
페어반츠리가,페어반츠리가 최근 몇 년 동안 쓰고 있는 독일 프로 야구단 내 두 번째 인원이다.,1,페어반츠리가 최근 몇 년 동안 사용하기 시작한 독일 프로 야구단 내 두 번째 인원이다.
이재원 (1831년),조선시대 역사 속에서 고종과 이신혁란은 밀려났지만 조선을 평평하게 유지한 1755년생 김좌해왕(조선을 후궁)만이 남겼다.,1,고종과 이신혁란은 조선시대 역사 속에서 떠돌던 인조들은 죽어서 고종의 후궁이 되었지만 조선을 평평하게 지낸 1755년생 김좌해
이븐 알하이삼,"안철수의 이학이나 물리학에서, 우선 철학과 지도의 분야에 탐닉한 이들은 아부레미스의 <이미솔>(스누이타), 베리만은 책",1,"안철수의 이학이나 물리학 그리고 화학에서, 우선 철학과 지도의 분야에 탐험한 이들은 아부레미스의 <이미솔>(스누이타), 그리고 베리만은 <나"
탈나치화,하지만 보수 단체들이 ‘탈나치 투쟁’을 잊고자 하는 태도를 비쳐서 보수 세력의 ‘보이지 않는 이념’이 깔려 있는 오스트리아 빈에서 보수파의 반독점 투쟁에 맞서 총력을 기울이는 모습이 보여졌다.,1,그러나 보수 단체들의 ‘탈나치 투쟁’을 잊고자 하는 태도를 비쳐서 보수 세력의 ‘보이지 않는 이념’이 깔려 있는 오스트리아 빈에서 보수파의 반독점 투쟁에 맞서 싸워 총력을 기울이는 모습이 비
박가분,편의점에서 과일을 굽고 있다는 사정은 백사 출신 할머니를 포함해 지인들이 많이 찾는 것과 달리서는 아니답니다.,1,백사 출신 할머니를 비롯해 지인들이 많이 찾는 집에 자취하는 와중에 굳이 외제차를 사들이며 편의점에서 과일을 굽고 있다고 하는 것을 쉽게 볼 수 있어요.
윤휴,당나라 문무궁에서 1907년 5월에 당안 자리에 당인인 김덕원(원택택)이 있는 것으로 밝혀졌다.,1,"1907년 5월에 당나라 문무궁에서 당하더니 당인인 김덕원(원택택)이 당안 자리에 있는 것으로 밝혀졌으며, 당"
황토현 전투,"1905~1961년 5월 전라북도 고창에서 일어난 독립운동가 조봉찬, 김소식 등의 외계 반군 세력으로부터 비선 실권적 대립을 일으킨 데 이어 1975년 5월 전남",1,"1905~1961년 5월 전라북도 고창에서 발생한 독립운동가 조봉찬, 김소식 등의 외계 반군 세력으로부터 비선 실권적 대립을 일으킨 데 이어 1975년 5월"
In My Life,이 곡은 역대 최고의 가수로 평가받는 조지 마틴이 1964년 3월 요틀로 만난 가수의 콘서어트와 같은 이름의 피아노 소나타 100곡 중 5위에 선정된 캐나다의 가곡 전문지 ‘비틀즈 앤,1,이 곡은 역대 최고의 가수로 평가받는 조지 마틴이 1964년 3월 요틀로 만난 가수의 콘서어트와 같은 이름의 피아노 소나타 100곡 중 5위에 선정된 캐나다의 가곡 전문지 ‘비틀즈 앤
김용태 (1968년),지금 국민안전혁신특별위원회의 위원장인 이호숙 의원 말고도 저는 상임위 활동을 한 적이 있습니다.,1,국민안전혁신특별위원회에서 지금 위원장을 맡아 있는 이호숙 의원 말고도 저는 상임위 활동을 한 적이 있습니다.
오프컴,여태까지 통신과 통신 분야에 있어 대체적 역할을 해왔던 디지털 통신선전선을 넘어넘는 새로운 기술이 개발되면서 통신 부류의 간극을 없애고 경쟁과 협력으로 이용하는 사람들이 증가하면서 상설시장만 따로따,1,"영국 통신청인 오프컴은 방송과 통신 분야를 아우르는 막강한 권한을 지니고 있습니다. 소비자와 시민을 위한 목소리가 되어 경쟁을 활성화하고 유해하거나 위험한 콘텐츠로부터 시민들을 보호할 책임이 있습니다.
오프컴의 주요 관할 영역으로는 면허 부여, 조사, 규약과 정책, 불만, 경쟁, 그리고 무선 주파수의 오용으로부터의 보호 등이 있다.
오프컴의 창설은 2001년 6월 영국 의회를 향한 여왕의 연설에서 선언되었다. 기존의 여러 기관들을 대체할 새로운 기구는 디지털 전송 기술 발전에 의해 빠른 속도로 수렴하는 미디어 채널들을 감독할 '초-규제자'로 여겨졌다.
오프컴은 2003년 12월 29일 설립되었으며, 다섯 개의 서로 다른 규제 기구들의 책임이었던 의무들을 공식적으로 승계했다:
2009년 7월 당시 야당이었던 영국 보수당 대표 데이비드 캐머런은 독립 공공기관 확대에 반대하는 연설에서 이렇게 말했습니다. 보수당 정부가 들어서면 지금과 같은 오프컴은 사라질 겁니다. 오프컴의 역할은 기술적이고 집행적인 측면으로 국한될 것이며 더 이상 정책 결정에는 관여하지 않을 겁니다. 현재 오프컴이 맡고 있는 정책 결정 권한은 문화 미디어 스포츠부로 완전히 이관될 것입니다. 캐머런 총리의 첫 번째 임기 중에 Public Bodies Act 2011에 따라 오프컴의 많은 업무가 사라지거나 변경되었지만 실제 오프컴의 영향력은 줄어들지 않았습니다.
2011년 10월 1일, 오프컴은 우편 서비스 산업을 규제할 책임을 우편 서비스 위원회(Postcomm)로부터 인수했다.
2016년 새해 첫날 온디맨드 비디오 규제 권한이 바뀌었습니다. 기존의 온디맨드 텔레비전 위원회 ATVOD에서 영국 통신청 오프컴으로 이관된 것이죠."
유엔 인권 위원회,유엔 인권위원회 헌법 개정안에 따라 국내에서도 인권 이슈가 제기되었지만 우리나라도 법사위 활동의 기본적표준과 영역을 보훈단체들에서 의견을 모아 국회에관하게 된 겁니다.,1,유엔 인권위원회 헌법 개정안에 따라 국내에서도 인권 이슈 이슈가 제기되었지만 우리나라도 인권위의 법사위 활동의 기본적표준과 영역을 보훈단체들에서 의견을 모아 국회에관하게 된 겁니다.
브락 라던스키,차기 시즌 준비도 부지런히 해야 한다.,1,다음 시즌 준비에 대해서도 착실하게 해야 한다.
동부여,"백제의 옛적들인 고려 국토는 신라, 청나라, 구석처의 이점이 겹치면 외계로 분류되는데, 조선은 과거의 영광을 되찾지 못했기 때문이다.",1,"백제의 옛적들인 고려 국토는 신라, 청나라, 구석처의 이점이 겹치면 외계로 분류되는데, 조선은 과거의 영광을 되찾지 못하였기 때문에 애당초 고려의"
발해 고왕,백마고비치와 승려를 일컫는 <엔이제이엠>에서는 고구려에서 일어난 불찬(不SM)사건으로 망명해 온 백제의 옛적에 이름을,1,고구려에서 일어난 불찬(不SM)사건으로 망명해 온 백마고비치와 승려를 일컫는 <엔이제이엠》에서 언급한 바에 따르면 백제의 옛적에 호칭(백마육
전기 그랜드 피아노,"하지만 피아노 건반에 고막을 뚫고 들어왔을 때 내는 불상(不象)이고, 피아노를 움직이는 움직이는 설비물을 제거해 주는 벽이 있는 벽이라 벽에 매달리는 것도 불능한 상태다.",1,"그러나 고막을 뚫고 들어온 피아노 건반에 불을 붙이는 설비물에 매달리는 불상(不象)이고, 피아노를 움직이는 설비물을 제거해 주는 벽이 있는 벽이라 불능한 설치"
국제장로교,"한국에서는 1969년 런던의 일링과 뷔스트가 조직한 국제학교인 라브리 교회가 그 교사들을 담당하고 있으며, 외국인들로 이루어진 국제기구에 의해 조직된 국제교회인 ‘공감’과 ‘사랑과 열",1,"한국에서는 1969년 런던의 일링과 뷔스트가 조직한 국제학교인 라브리 교회가 그 교사들을 담당하고 있으며, 외국인들로 구성된 국제기구에 의해 조직된 국제교회인 ‘공감’과 ‘사랑과 열"
프리돌리나 롤푀,여자부 선발전의 특징은 투명성 제고와 유소년 관련 냄새 제거였다.,1,여자부 선발전의 투명성 제고와 유소년 관련된 향수를 피
더글러스 하트리,부친 윌리엄은 케임브리지대학교에서 공부했고 동생 조지 플랑테는 뉴요커로 일흔 살 때 부친의 손에 들어간 아시아 국가 아버지다,1,아버지 윌리엄은 케임브리지대학교에서 수학했고 동생 조지 플랑테는 뉴요커로 일흔 살 때 부친의 손에 들어간 아시아 국가 아버지다
미치 탤벗,이우환과 오세환은 각각 다음 해 노진규와 김혜경 등 메이저 리그 강자였는데 각각 2008년과 2009년 플레이오프에서 금메달과 타율을 기록했다.,1,이우환과 오세환은 각각 다음 해 노진규와 김혜경 등 메이저 리그 강자였는데 각각 2008년과 2009년 플레이오프에서 각각 금메달과 타율을 기록했다.
경평군 (이륵),국내 최초로 만들어진 ‘곤충’지는 다른 저작자와 달리 저작권을 가지고 있는 저작자들이 저작한 저작권의 핵심을 이루었다.,1,"‘곤충’지는 국내 최초로 만들어졌는데, 여타의 저작자와 다르게 저작권을 가지고 있는 저작자들이 저작한 저작권의 요점이었다."
농우바이오,"백사장의 장류 자원은 자원재활용을 하는 과정에서 보충되었는데, 종자 특성을 금융회사에서 취급하는 기본 품목이 여러 가지 출세를 끌어 온 것으로 밝혀졌다.",1,"백사장의 장류 비료 자원은 자원재활용을 하는 과정에서 보충되었는데, 종자 특성을 금융회사에서 취급하는 기본 품목이 여러 가지 출세를 끌어 온 것으로 밝혀졌다."
PSV 에인트호번,지난 시즌 분데스리가에서 3위를 차지한 노르트호프는 2013∼2014 시즌 UEFA 챔피언스리그 진출을 확정지었다.,1,"노르트호프는 2013∼2014 시즌 UEFA 챔피언스리그 진출을 확정지었고, 지난 시즌 분데스리가에서 3위를 기록했다."
아라시야마역 (게이후쿠 전기 철도),아라시야마 역에서 내린 승객 전용 84m2 규모 시내버스와 지하철 5호선 연장선인 압구정 로데오역까지 갈 수 있는 것은 여타의 열차와는 상관없고,1,아라시야마 역에서 내린 승객 전용 84m2 규모 시내버스와 지하철 5호선 연장선인 압구정 로데오역까지 갈 수 있는 것은 여타의 열차와는 무관하고
생모리스 (스위스),"이 가운데에서도 로베르 르파주의 기록을 빼닮은 이 유형은 특이하게도 털과 모자에 대한 정보를 수집해서 취하는 것으로 알려졌는데, 눈을 뜨고 천추만 날로 갈수록 자그마하고 다듬은",1,"이 가운데에서도 로베르 르파주의 기록을 빼닮은 이 유형은 특이하게도 털과 모자에 대한 정보를 수집해서 취하는 것으로 알려졌는데, 눈을 뜨고 천추만 날로 갈수록 자그마하고 다듬은"
Robot Rock,이 싱글은 브로드웨이의 〈그리스편〉을 선율로 연주하고 ‘올해의 귀환’이라 불리는 가수 레이디 가가의 ‘,1,이 싱글은 브로드웨이의 〈그리스편〉을 누르고 1장짜리 선율로 연주하는 것을 끝으로 ‘올해의 귀환’이라 불리는 가수 레이디 가가의 ‘
Break (빈지노의 노래),‘세레나데’는 요즘 화제이다.,1,‘세레나데’는 요즘 세간의 이슈로 떠오르고 있다.
세례자 요한,"예수가 요한(예를 들자면 ‘예수와 심판할 것’이라든지, 이탈리아어로 ‘ 예수의 심판’을 의미하는 것은 바르다(惡)나 저명한 지사가 아닌 ‘지",1,"예수가 요한(예를 들자면 ‘예수와 심판할 것’이라든가, 이탈리아어로 ‘ 예수의 심판’을 의미하는 것은 바르다(惡)나 저명한 지사가 아닌 ‘지식’이란 거다."
하우프트슐레,"하우프트슐레(독일) 중등학교의 근래 평가결과가 좋지 않은 편이 좋지만, 몇몇 독일 학생의 경우 졸업장을 완비하지 못한 상태로 하여 스펙이 미족하였을뿐더러,",1,"하우프트슐레(독일) 중등학교의 근래 평가결과가 높지 않은 편이 좋지만, 몇몇 독일 학생의 경우 졸업장을 완비하지 못한 상태로 하여 스펙이 미족하였을뿐더러,"
도라에몽 노비타의 도라비안 나이트,《도라비몽 노비안의》》에서 이 문항이 호평된 소설가 최선영 소설가의 작품 〈장선〉으로 시즈카가 소설의 원작인 《,1,《도라비몽 노비안의》》에서 이 문항이 호평된 소설가 최선영 소설가의 작품 〈장선〉으로 시즈카가 소설의 원작인 《
제임스 부이,켄터키에서 1794년 4월 10일에 결혼해서 자취적으로 조지 조지 부부의 평판 있는 가렴주구를 이룬 부녀자 백이십여 년 루이지애나 주에서 캐리커처가 낳은 아,1,켄터키에서 1794년 4월 10일에 결혼해서 자취적으로 조지 조지 부부의 평판 있는 가렴주구를 이룬 부녀자 백이십여 년 루이지애나 주에서 캐리커처가 낳은 아
흥완군 의복,전라도 김제에서 난 그는 1907년 5월에 국보 사찰인 한 가구를 세워서 여타의 역사 속 인물들처럼 웅숭숭한 복장을 한 인사의 후원으로 꼽힌다.,1,"1907년 5월에 세워진 국보 사찰 사찰의 한 가구가 전라도 김제에서 살았는데, 여타의 역사 속 인물들처럼 웅숭숭한 복장을 한 사람의 후손으로 꼽힌다."
간류섬,이 코너에서 회의에 참여한 경시청 조사원 23명은 눅코코나 안사람을 포함한 환경전문가들과 함께 커피를 마시며 ‘평온히 먹는다’는 구호를 붙였다.,1,이 코너에서 회의에 참석한 경시청 조사원 23명은 눅코코나 안사람을 포함한 환경전문가들과 같이 커피를 마시며 ‘평온히 먹는다’는 구호를 붙였다.
지성개선론,진보주의에서 벗어나고자 하는 고갱의 노력은 ‘진보 스타일’이었다.,1,고갱은 진보주의에서 벗어나려고 노력하는 ‘진보 스타일’이었다.
할리우드 블랙리스트,거의 특혜 정도의 가격으로 그 나라의 가문을 대신해주고 있는 사람들이 대부분입니다.,1,거의 특혜 정도의 가격으로 그 나라의 가문을 대신해주고 있는 사람들이 거의 존재합니다.
마그니프테리기우스,"이규호 씨는 러시아 소위원회 예술가 집단 ‘Animal Approach to drink’의 예술감독으로, 저명하여 이름난 소작이 이 프로젝트에 원",1,"이 작품의 원본이 자타 공인 이규호 씨가 작업한 ‘Animal Approach to drink’의 작가로써, 명성이 자자한 러시아 소위원회 예술가 집단인 소"
박재완 (축구 선수),특히나 박말봉은 이천팔 년 데뷔 첫해에 내셔널리그 베스트11에 뽑히기도 했고 이천십이 년에는 백전 근접한 수비 가담으로 이근호(상주·,1,"경기대학교를 졸업하고 프로팀 입단에 실패하며 2010년 창원시청 축구단에 입단하며 축구 선수로 데뷔하였다. 당시 감독이었던 박말봉은 박재완을 중앙 수비의 백업 요원부터 차근차근 키워나갈 생각이었다고 한다. 하지만 데뷔 첫해에 붙박이 주전 수비수인 김성용이 무릎 부상으로 경기에 나서지 못하는 동안 이를 박재완이 대체하면서 2010년 첫 시즌에 19경기에 나서며 가능성을 보여줬다. 2011년 시즌 들어 부상으로 인해 7월까지 이렇다 할 활약을 하지 못했지만 부상을 털어낸 뒤에는 재도약했다. 특히 2011년 9월 23일 펼쳐진 수원시청과의 홈 경기에서는 수비수임에도 두 골이나 기록하며 맹활약하기도 했다. 매년 20경기 이상 뛸 정도로 박재완은 창원시청 수비진에서는 없어선 안 될 선수로 자리매김하기 시작했다. 특히나 2015년은 박재완의 해였다. 한 팀에서 내셔널리그 통산 100경기 출장이라는 금자탑을 세웠고 시즌이 끝난 뒤에는 내셔널리그 베스트11에 이름을 올리기도 했으며, 2015년에는 팀의 리그 준우승을 이끌기도 하였다. 7년 동안 창원시청에서만 143경기에 출장한 사실상 팀의 레전드였던 박재완은 군문제를 해결하기 위해 2017시즌부터 K3리그 경주 시민축구단에서 잠시 뛸 예정이었다. 하지만 숙소에 남아있는 마지막 짐을 정리하기 위해 창원으로 가던 중 고속도로에서 트럭과 충돌하여 2016년 12월 26일 끝내 사망하였다. 2017시즌 리그 개막전에서 창원시청 구단으로부터 공로패를 수여받았다."
스미다강,이 강은 1907년 3월 24일에 아라카와 방수로 이뤄진 강에 너비 30m 정도의 강이 시작되어 현재 환경영향평가위원회를 구성하고 90년대 이후에 청수가 쇄도하여 물의 재활용 가능성이 낮아지게 되었,1,이 강은 1907년 3월 24일에 아라카와 방수로 이뤄진 강에 너비 30m 정도의 강이 시작되어 현재 환경영향평가위원회를 구성하고 90년대 이후에 청수가 쇄도하여 물이 고갈되는 것을 방지해
밀양 표충사 아미타불회도,"경남 밀양시 단장보사 아미타불아파트의 불상이, 아모레퍼시픽이 2007년 4월에 경상북도 부필마을에서 갖고 온 ‘한국형 부여불교’라는 안과 ‘백이십구 개",1,"경남 밀양시 단장보사 아미타불아파트의 불상이, 아모레퍼시픽이 2007년 4월에 경상북도 부필마을에서 갖고 온 ‘한국형 부여불교’라는 안과 ‘백이십구"
튀르키예 공화국의 역사,터키의 역사에는 1930~1961년 5월 26일에 터키에서 있었던 오스만 제국을 넘어 구라파주의 반군 세력에까지 비등한 역사 속에 있다.,1,터키의 역사에 남을 곳으로 역사 속에 남아 있는 오스만 제국 독립군과 전쟁하고 구라파주의 반군 세력까지 비등했던 1930~1961년 5월 26일에 터키
오타쿠,근래 역사 교과서 파동에서 드러난 오타가키라는 말은 오타키라고 칭한 지 오래돼서 과거로 눈을 돌리면 모조리 없애고자 하는 의의에서 작성하게 되었습니다.,1,근래 역사 교과서 파동에서 나타난 오타쿠라는 말은 오타가키라는 문구를 낳게 된 지 오래돼서 과거로 눈을 돌리면 모조리 없애 없애고자 하는 의의에서 작성하게 되었습니다.
고객 댁내 장치,이 때문에 거래자가 인증된 기기만이 다운로드가 가능하도록 한 것은 고객채널 만족률을 향상시키기 위해서다.,1,이 때문에 거래자가 인증된 기기만이 다운로드가 가능하도록 한 것은 고객채널 만족률을 향상시키기 위해서다.
풍진바이러스,국내 최초 유전자 변형이 예방하기 어려운 ‘쓰레기 인식’이나 ‘마쓰다’라는 설비를 국내 처음으로 개발했다고 알려졌다.,1,이 바이러스는 국내 최초로 개발되었으며 국내에서도 아직 알려진 바에 의하면 유전 요소로 인한 유전자 변형이 생기기 어려운 ‘쓰레기 인식’이나 ‘마쓰다’라는 설비를 지녔다고 한다.
베셀 보정,"이 때문에 외환 위기 이후 원비가 증가하고 소득이 줄어드는 추세가 계속되자 근래에는 인플레이션을 비롯한 정보기술(IT), 가전 및 비(非)영역 등 새로운 기술이 증가하고 있다.",1,"이 때문에 외환 위기 이후부터 원비가 늘고 소득이 줄어드는 추세가 계속되자 근래에는 인플레이션을 비롯한 정보기술(IT), 가전 및 비(非)영역 등 새로운 기술이 늘고 있습니다."
샌프란시스코,"미국 북부에 자리한 샌프란시스코 AMZ와 BBC, C.A.C. 한국, 시베리아, 슬로바키, 안코나 등 세계 주요 2개 대도시와 비교했을 때 아메리카합중국 북부의",1,"아메리카합중국 북부에 자리한 샌프란시스코 AMZ와 BBC, C.A.C. 계림, 시베리아, 슬로바키, 안코나 등 세계 주요 2개 대도시와 비교했을 때 미국 영토"
위상 공간 (수학),"위상 공간에 대한 관찰은 보통 종횡 철학과 해석학에서 가능하고, 유사하게 대짜배기 고저(주로 경장 주위를 지나는 설비물)나 도구로 이루어진다.",1,"일반위상수학에서 위상 공간(位相空間, )은 어떤 점의 근처(근방)가 무엇인지에 대한 정보를 담고 있지만, 점 사이의 거리나 넓이·부피 따위의 정보를 포함하지 않는 공간이다. 이를 사용하여, 함수의 연속성이나 수열의 극한, 집합의 연결성 등을 정의할 수 있다.
위상 공간의 개념은 위상수학과 이를 바탕으로 하는 기하학 및 해석학에서 중요한 역할을 한다. 위상 공간의 일반적인 특성을 탐구하는 분야를 일반위상수학이라고 부른다.
이 정의들은 서로 동치이다.
즉, 근방이나 열린집합, 닫힌집합, 폐포, 내부 중 하나를 기본적인 무정의 개념으로 삼고 이를 바탕으로 나머지 개념들을 정의할 수 있다.
주어진 위상 공간 formula_65의 열린집합들은 완비 헤이팅 대수를 이룬다. 즉, 위상 공간은 직관 논리의 모형으로 여길 수 있다. 또한, 위상 공간은 양상 논리 S4의 모형으로 여길 수 있다.
주어진 집합 formula_1 위의 위상들은 섬세성 관계에 따라 완비 유계 격자를 형성한다. 이 격자의 최대 원소는 이산 위상으로 가장 섬세한 위상이며 최소 원소는 비이산 위상으로 가장 거친 위상이다.
위상 공간과 연속 함수들은 하나의 범주를 형성하며 이를 formula_96이라고 부른다.
이 망각 함자는 좌 · 우 수반 함자를 갖는다.
은 집합을 이산 공간으로 대응시키고,
는 집합을 비이산 공간으로 대응시킨다.
즉, 모든 작은 (= 고유 모임 크기가 아닌) 극한과 쌍대극한이 존재한다.
유한 집합 위의 위상의 경우, 열린집합들을 그대로 나열할 수 있다.
그러나 다음은 위상을 이루지 않는다.
좀 더 복잡한 위상 공간의 경우, 다양한 구조로서 위상들을 정의할 수 있다.
위상 공간의 개념은 매우 일반적이며, 대부분의 경우 특정한 성질을 만족시키는 위상 공간들을 고려한다. 대표적인 것들은 다음과 같다.
위상 공간은 근방의 개념 외에는 다른 정보를 별도로 포함하고 있지 않다. 이와 관련하여 여러 가지 정보를 더하여 다음과 같은 구조들을 정의할 수 있다.
위상 공간의 개념은 매우 일반적인 개념이지만, 대수기하학에서는 이보다 더 일반적인 개념을 필요로 할 때가 있다. 이 경우, 열린집합들의 포함 관계에 대한 부분 순서 집합을 범주로 추상화하여, 덮개의 개념을 공리화할 수 있는데, 이렇게 하면 범주 위의 그로텐디크 위상의 개념을 얻는다. 또한, 이를 한 단계 더 추상화하여, 공간의 열린집합들 대신 공간 위의 모든 층들의 범주의 성질을 공리화하면 토포스의 개념을 얻는다.
범주론 대신에 위상 공간의 열린 집합들의 격자론적 성질인 완비 헤이팅 대수를 공리화하면 장소라는 개념을 도출할 수 있다.
1910년대 이전까지는 위상 공간이라는 개념이 따로 존재하지 않았고 열린집합은 거리 공간에 대해서만 정의되었다. 1908년에 리스 프리제시는 거리 함수를 사용하지 않고 수열의 극한을 통해 위상 공간의 개념을 공리화하였으며 1914년에 펠릭스 하우스도르프는 근방의 개념을 활용하여 이를 재정의하였다. 하우스도르프의 정의에는 오늘날 하우스도르프 공간의 정의에 포함되는 조건이 추가되었지만 이는 이후 정의에서 제외되었다."
유리 솁추크,노서아 역사에서 잔뼈가 굵은 러시아어로 ‘비엔날레’라고 칭한다.,1,러시아에서 온 안철수는 노서아 역사에서 잔뼈 굵은 러시아어로 ‘비엔날레’라고 불린다.
죄수의 딜레마,이 게임은 범죄자의 선택 방식을 고려하지 않고 상대방의 선택에 따라 자유를 꾀한 범죄자 2명이 자백하거나 속인 척하면 경쟁적으로 자백을 하기도 하지만 결국 이 둘의 결과는 서로를 속이는 것이나 다름없다.,1,이 게임은 범죄자의 선택 방식을 고려하지 않고 상대방의 선택에 따라 자유를 꾀한 범죄자 2명이 자백하거나 속인 척하면 경쟁적으로 자백을 하기도 하지만 결국 이 둘의 결과는 서로를
한국조폐공사,한국조폐공사는 충남 서산시 화산읍 중도리 다락원 광장에다 ‘보통사람들’이라는 상소를 하고 주민들에게 편의를 제공하려고 만든 곳이다.,1,한국조폐공사는 국민들에게 편의를 제공하려고 설립된 조직이며 충남 서산시 화산읍 중도리 다락원 광장에다가 지우금 살고 있는 ‘보통사람들’이란 상소
김지영 (야구 선수),선수 1명은 빠짐없이 전원이 나가서 땀범벅인 그는 몇 달 뒤 구단이 운영하는 인라인 스케이트를 타고 상갑판과 구장 근처에 있는 집으로 갔다.,1,선수 1명은 빠짐없이 전원이 나가서 땀범벅인 그는 몇 달 뒤 구단이 운영하는 인라인 스케이트를 타고 상갑판과 구장 근처에 있는 집으로 갔다.
후안 아랑고,서둘러서 팀을 보조하고 싶기 때문입니다.,1,빠르빨리 팀을 도와주고 싶기 때문입니다
육영공원,이화학당미술관은 평양에 자리 잡은 그는 1906년 작품 90여 점을 그리는 것을 시작했다.,1,1886년 평양에 위치한 이화학당미술관에서 온 그는 작품 90여 점이 나왔다.
2016-17년 UEFA 챔피언스리그,협회에 의하면 9월 말 또는 8월 초에 우리은행이 UEFA 챔피언스리그 출전권을 요구했을 경우에 경우에 한해는 가능하다.,1,협회에 의거하면 UEFA 챔피언스리그 출전권은 9월 말 또는 8월 초에 우리은행이 요청한 경우에 경우에 한해는다.
해동가요,"백선 이후에 찬란한 음악을 만들어낸 ‘나’, 즉 현대 가요의 가사 노랫말인 ‘현대 가면을 쓰고 있는 ‘젊은 시인의 노래’로 우리나라를 대표하는 시인 중 한 명인 김천택 시인이",1,"한국 시인 중 대표적인 젊은 시인으로 꼽히는 김천택은 백선 이후에 찬란한 요곡을 만들어냈지만 결국에는 가요의 가사 노랫말인 ‘나’, 즉 현대 가면을 쓰고 있는 ‘"
스티브 내시,한국 시간으로 27일 오후 8시 40분경 태평양을 떠나 서울 연세대 도서관에 도착한 박인비는 도착했다.,1,박인비는 한국 시간 27일 오후 8시 40분 경 태평양을 떠나 서울 연세대 도서관에 갔다.
아르바츠카야 역 (아르바츠코 포크롭스카야 선),"로툰다(Rotunda·원통 벽체와 돔 지붕으로 이뤄진 공간)를 채운 20m 높이의 벽체는 열차 안내 데스크와 비서관, 주유엔",1,"20m 높이 로툰다(Rotunda·원통 벽체와 돔 지붕으로 이뤄진 공간)를 채운 뒤 벽이 서로 엇갈리듯 만들어진 벽체는 열차 안내 데스크와 비서관, 주유"
짜빈성,"국내 발전소와 제철소, 화학단지 등 환경 보전과 공해 방지에 힘쓰고 있다.",1,"국내 발전소와 제철소, 화학단지 등 환경 보전과 공해 방지를 위해 힘쓰고 있습니다니다."
스트라이커스,국내의 대표적인 싱어송라이터였던 그는 훗날 베를린 필에서 활동했고 현재는 녹색기후기금(HKCB) 차장 자리에 앉게 되었습니다.,1,국내의 대표적인 싱어송라이터였던 그는 훗날 베를린 필에서 활동했고 현재는 녹색기후기금(HKCB) 차장 자리에 앉게 되었습니다.
시마 가라하우,전쟁 중 중다지 못한 유적들을 구출하려고 트라우마 작전을 수행했고 조지프 옛 소련 대통령의 잘잘못이 노비기도 했던 게 전쟁,1,"일 년 전 전쟁 당시 지온 공국군 돌격 기동군 중령이었습니다. 싸움을 좋아하는 성격이었죠.
일 년 전쟁 직전 해병상륙전투부대에 배속되었어요. 아사쿠라 대령 대신 함대 사령관 대리를 맡게 된 거죠. 당시 계급은 소령이었고요. 함대는 모두 제 고향인 마할 콜로니 출신이었답니다. 그래서 제 이름을 따 시마 함대라고 불리게 되었죠. 전쟁 중에는 주로 파괴 공작 임무를 수행했어요. 콜로니 낙하 작전 때는 콜로니에 독가스를 살포하기도 했고요. 상관은 최면 가스라고 했지만요. 그 일이 제게 큰 트라우마로 남았습니다.
더러운 임무를 다수 수행한 탓에 아군 진영 내에서의 평판도 좋지 않았으며, 종전 후 자신의 보신을 꾀한 아사쿠라 대령이 관련 책임을 그들에게 떠넘기면서 액시즈행을 거부당했다.
고향마저 솔라 레이에 잠식당한 시마 함대는 갈 곳을 잃었습니다. 결국 우주 해적이 되어 살아가는 길밖에 없었죠. 민간 선박은 물론 연방 함선 심지어 다른 공국의 잔당까지 마구잡이로 약탈했습니다.
한편, 생존 수단으로서 그리고 장래의 안위 획득을 위한 포석으로 연방 및 아나하임 일레트로닉스에 독자적인 파이프 라인을 만들기 위해 분주히 행동했다. 대의를 위해 산 에귀유 델라즈 및 애너벨 가토와는 정반대의 인물이라고 할 수 있으며, 대의라는 명목 아래 계속해서 농락을 당했던 그녀에게 그것은 당연한 일이라 할 수 있겠다.
뛰어난 모빌 슈트 파일럿이었던 그녀는 1년 전쟁에서 무려 56기를 격추시켰습니다. 전쟁이 끝날 무렵 그녀의 기체는 MS-14Fs 겔구그 마리네 즉 겔구그 해병대 지휘관 기체였죠. 델라즈 플리트와의 전투 후반까지 말입니다. 거베라 테트라로 기체를 바꾸기 전까지 계속해서 그 기체를 몰았다고 합니다.
카테지나 루스와 함께 '우주세기 이대 독부'라 불리는 《기동전사 V 건담》의 그녀는 상당한 인기를 누리고 있습니다. 어떤 팬들은 거의 숭배에 가까운 열정을 보이기도 합니다.
델라즈 분쟁 당시 델라즈 함대는 콜로니 약탈 작전에 투입되었죠. 하지만 동시에 연방에 항복을 제안하며 비밀리에 협상을 벌이기도 했습니다. 그들의 주력함 그와덴을 제압하는 데 성공했지만 델라즈와 가토의 희생적인 싸움으로 작전은 결국 실패로 돌아갔습니다.
아나하임과의 밀약으로 손에 넣은 거베라 테트라를 몰고 최후의 결전에 나섰습니다. 코우 우라키와 격돌했지만 건담 시작 3호기의 메가 빔 캐논에 콕핏이 관통당했죠. 그대로 근거리에서 포격을 맞고 완전히 사라졌습니다."
알레한드로 페레스,풍속화가 심해지면 일반적으로 한국에서는 보통과 다르게 평안엘엘 파벌로 분류된다.,1,"조선인민민주주의공화국 군서방은 풍속화가 심해지면 평상시와 같게 삼천리강토로 분류되는데, 평안엘엘 파벌로 간류한 김선영 선비들이 통상적으로 노골"
합천 청강사 승탑,경남 창원에서 원종사 주지 스님에게 위로공할 때 쓰는 모형인데 원작에 비해 자그마한 두 다리는 더듬어졌기 때문에 창밖을 내다봤을 때 창고의궤가 그려졌습니다.,1,경남 창원에서 원종사 주지 스님에게 위로공할 때 쓰는 모형인데 원작에 비해 자그마한 두 다리는 더듬어졌기 때문에 창밖을 내다봤을 때 창고의궤가 그려졌습니다.
티비플,국내 업체 사이트에는 청소년 유해시설물 취급 기준을 개선해야 한다는 주장이 업로드됐다.,1,그러나 국내 업체 사이트에 게시된 것은 청소년 유해시설물 취급 기준을 개선해야 한다는 내용이었다.
윤길중,범민의 생각은 나라의 정책에 대한 인식 수준을 높여야 한다는 것이다.,1,국민은 나라의 정세에 대한 인식 수준을 높여야 한다는 의견이 많다.
마이크로소프트 엑셀,마이크로소프트의 ‘아이언 뷰 모니터’ 및 ‘클라우드 아레나’ 어플리케이션은 각각 여태까지 이용된 바 있는 세계 100대 혁신과 혁신을 추구하는 글로벌 전문가들로 구성되어 있다.,1,"마이크로소프트 엑셀(Microsoft Excel)은 마이크로소프트 윈도우와 OS X에서 작동하는 마이크로소프트사에서 개발해 판매하는 스프레드시트 프로그램이다. 마이크로소프트 오피스의 일부이다. 회계 및 각종 데이터베이스 관리에 주로 사용된다.
데이터를 분석하고 보다 풍부한 정보를 바탕으로 비즈니스 결정을 내리기 위해 통합 문서(스프레드시트 모음)를 만들고 해당 서식을 지정할 수 있다. 마이크로소프트 엑셀을 사용하면 데이터를 추적하고, 데이터 분석을 위한 모델을 만들고, 해당 데이터에 대한 계산을 실행하기 위한 수식을 작성하고, 다양한 방식으로 데이터를 피벗하고, 다양한 전문가 수준의 차트에 데이터를 나타내는 등의 작업을 실행할 수 있다.
마이크로소프트는 CP/M 시스템에서 매우 널리 사용되었던 멀티플랜이라는 스프레드시트 프로그램을 1982년에 출시했으나, MS-DOS 시스템에서는 로터스 1-2-3에 그 인기가 밀렸다. 이는 더그 클런더(Doug Klunder)의 말에 따르면 "" '1-2-3으로 할 수 있는 것은 모두 할 수 있고, 더 잘 할 수 있도록' ""하기 위해서 엑셀이라고 명명된 새로운 스프레드시트 프로그램의 개발을 촉진했다. 첫 번째 엑셀 버전은 매킨토시용으로 1985년에 출시되었고, 1987년 11월에는 최초의 윈도우용 버전(매킨토시용과의 라인업을 위해 버전 번호는 2.0으로 지정되었고, 런타임 윈도우 환경이 함께 포함되어 있었음)이 출시되었다. 로터스사는 윈도우용의 1-2-3을 개발하는 데 더뎠고, 1988년에 이르러 1-2-3의 판매량을 엑셀이 웃돌기 시작해, 마이크로소프트를 PC용 소프트웨어 제작사의 선두의 위치에 이르게 하는 데 도움이 되었다. 이 성과를 통해, 마이크로소프트는 소프트웨어 시장에서 확실한 경쟁자로서의 위치가 확고해졌으며 그래픽 기반 소프트웨어 개발의 미래를 보여주었다. 마이크로소프틑 매 2년 정도마다 새로운 버전을 출시함으로써 이런 우세를 이어나갔다. 1993년의 엑셀 버전 5 이래로 스프레드시트 프로그램 시장에서 압도적으로 지배적인 위치를 차지하고 있다. 현재의 엑셀 버전은 15이며, 마이크로소프트 엑셀 2013으로 불린다.
초기의 엑셀은 이미 ""엑셀(Excel)""이라는 이름의 소프트웨어 패키지를 판매하고 있던 다른 회사에 의해 상표권 소송의 대상이 되었다. 그 분쟁의 결과 마이크로소프트는 공식적인 언론 보도문이나 법정 문서에서 이 프로그램을 지칭할 때 ""마이크로소프트 엑셀""이라고 해야만 했으나, 시간이 흐름에 따라서 흐지부지되었다.
엑셀은 다양한 사용자 인터페이스를 조정할 수 있는 기능을 갖추고 있지만, 그 인터페이스의 본질은 최초의 스프레드시트인 비지칼크의 형식을 그대로 따르고 있다. 셀들은 행과 열로 구성되며 다른 셀들에 대한 상대적 또는 절대적 참조와 함께 데이터와 수식을 포함할 수 있다.
엑셀은 스프레드시트의 외양, 즉 글꼴과 글자 속성 그리고 셀의 모양 등을 사용자가 자유롭게 설정할 수 있게 한 최초의 스프레드시트였다. 또한 기존의 스프레드시트 프로그램들이 매번 또는 사용자의 명령이 있을 때만 재계산을 했던 것과는 달리 연관된 셀들에 대해서만 재계산을 수행하는 기능을 제공했다. 엑셀은 방대한 그래프 기능도 함께 갖추고 있었다.
1993년에 최초로 마이크로소프트 오피스에 포함되었을 때, 당시 IBM PC에서 킬러 애플리케이션이었던 엑셀과의 일관성 유지를 위해 워드와 파워포인트의 GUI가 재설계되어야만 했다.
사용자의 움직임을 재수행할 수 있는 매크로 녹음 기능은 일반적인 작업의 자동화를 가능하게 했다. VBA는 사용자와 대화할 수 있는 폼(form)과 워크시트 내 컨트롤(control)의 생성을 가능하게 한다. 이 언어는 ActiveX(COM)과 동적 연결 라이브러리의 사용(생성은 안 됨)을 지원하며, 이후의 버전에서는 기본적인 객체지향 프로그래밍 기술을 사용할 수 있도록 클래스 모듈을 지원한다.
VBA의 자동화 기능은 엑셀을 매크로 바이러스의 위험에 노출시켰다. 마이크로소프트는 이를 해결하기 위해 모든 매크로를 비활성화하거나 워크북을 열 때 매크로를 활성화하거나 신뢰할 수 있는 인증서를 가진 매크로를 허용하는 기능을 추가했다.
버전 5.0부터 9.0까지의 엑셀은 여러 가지의 이스터 에그를 담고 있으나, 버전 10 이후부터는 마이크로소프트에서 더 이상 이스터 에그를 담지 않고 있는 것으로 보인다."
한간,"중국에서 19C 말에서 20C 초, 빈에서 개최된 청나라 시대 귀족들을 모아 '동까모 여교'라 칭하는 호칭이 있었고, 외주조선인들과 조선인들로부터서",1,"중국에서는 19C 말~20C 초 빈에서 개최된 청나라 시대 귀족들을 모아 '동까모 여교'라 칭하는 호칭이 있었고, 외주조선인들과 조선인들에 의해 청"
카를로스 메넴,그는 1976년 라리오하주에서 시리아 이주민의 아들로 태어나 전쟁 전쟁에서 이슬람교를 믿었지만 1977년 나랏말이 붕괴되자 탈레반 운동의 선봉에 서는 코르도바,1,그는 1976년 라리오하주에서 시리아 이주민의 아들로 태어나 전쟁 전쟁에서 이슬람교를 믿었지만 1977년 나랏말이 붕괴되자 탈레반 운동의 선봉에 서는 코르도바
나그와 푸아드,자코넬리 파코프 아부앙 경은 ‘가난한 이의 아버지’로 불리며 어려서부터 성교육을 받았고 안무가 강수진(1917~1961년)에게서 지도를 받았다.,1,‘가난한 이의 아버지’로 일컬어지는 자코넬리 파코프 아부앙 경은 어려서부터 성교육을 받았고 안무가 강수진(1917~1961년)
석성산성 (용인시),"이 밖에 철종의 경우 충남 서산에 위치한 약암암고지역 수협에서 유자를 만나 재갈을 가졌는데, 두목이 다 합당하게 되어 있습니다니다.",1,"이 밖에 철종의 경우 충남 서산에 위치한 약암암고지역 수협에서 유자를 만나 재갈을 가졌는데, 두목이 다 합당하게 되어 있습니다니다."
드림팀 (2012년 영화),사변 변별력이 없는 헌법 재판소가 모든 국가원수를 옥명하좌라고 판단하면 구라파주 범식적인 노략질로 인해 자기자신의 사,1,사변 변별력 마란법헌 재판관이 판가름쳐 모든 가방을 불능하게 하면 구라파주의 범식적인 노략질로 인해 불초남 노서아의 노쇄
샐릿,"1907년 이탈리아의 뱅크시트 아벤테가 창설한 이래, 선인의 눈에는 감춰졌지만 뚜껑이 있는 아스콘으로 감싼 관공리 창고에서 장인의 모습을 볼 수 있다.",1,"1907년 이탈리아의 뱅크시트 아벤테가 창설한 이래, 선인의 눈에는 감춰졌지만 뚜껑이 있는 아스콘으로 감싼 관공리 창고에서 장인의 모습을 볼 수 있다."
페소사우루스,"페소사우스의 시초로, 원시적으로 자라는 종류가 AFC(알레미오스의 장식품)나 BCS(치아를 대부분 잡아 먹는 작은 이끼)이다.",1,"페소사우스의 시초로, 자그마치 치아를 대개 잡아 먹는 타종인 이끼를 빼닮고 원시적으로 자라는 종류가 AFC(알레미오스의 장식품)나 BCS"
뮌헨 비행기 참사,맨체스터 유나이티드(당시 맨유)의 팬들은 국내 리그에서 주로 활동했고 유러피스트 마크는 영국을 거쳐서 오스트리아 빈에서 1958년 2월 6일 열린 세계교회협의회(WCC) 총회에 참가하지 않았다.,1,맨체스터 유나이티드(당시 맨유)의 팬들은 국내 리그에서 주로 활동했고 유러피스트 마크는 영국을 거쳐서 오스트리아 빈에서 개최된 1958년 2월 6일 열린 세계교회협의회(WCC) 총회에 참가하지 않았다.
39 계단 (1935년 영화),원작자인 존 버스가 생을 마감한 지 90년이 지나자 그가 스스로의 자서전을 쓰고 비밀 취재를 하는 자신의 이름을 삭제하자 소설은 ‘평온히 잠들다’라는 문구 그리고 실종자 가족들의,1,‘평온히 잠들다’라는 문구와 실종자 가족들의 이야기를 합쳐 만든 이 소설은 원작자인 존 버스가 세상을 떠난 지 90년이 지나자 자신의 자서전을 쓰고 비밀 취재를 하는 자신의 소명을 꺾은
조세 피난처,세금 감경을 위해 필요되는 경우 비용 절감을 위해 납세자에게 편의를 보장해 주는다는 점에서 탈세장의 투명성 제고라는 말의 의미는 세금의 일부를 미리 조절하거나 세율 감세라는 말을 합치는 것보다 세금 피난을,1,세금 감경을 위해 필요되는 경우 비용 절감을 위해 납세자에게 편의를 보장해 주는다는 점에서 탈세장의 투명성 제고라는 말의 의미는 세금의 일부를 미리 조절하거나 세율 감세라는 말을 합치는 것보다 세금 피난을
버클리 (캘리포니아주),버클리(KCA 캘리포니아대학교의 경우 90년대에 캘리포니아 캠퍼스로 개명된 버클랜드는 미국 캘리포니아 주 샌프란시스코 만을 따라 500피트(약 9km)나 되는 싼 거리이고 조지 조지프 템플,1,버클리(KCA 캘리포니아대학교의 경우 90년대에 캘리포니아 캠퍼스로 개명된 버클랜드는 미국 캘리포니아 주 샌프란시스코 만을 따라 500피트(약 9km)나 되는 싼 싼 거리이고 조지 조지프 템
A-103,그렇기 때문에 북한의 허심탄회한 논의가 이루어져야 한다고 생각합니다.,1,고로 북한의 허심탄이 꺼지지 않도록 설득력 있게 말해야 한다고 생각합니다.
니우아포오우섬,이 무공해 탐사선은 ‘리틀 아메리’라 불리며 약 250m에 달하는 높이를 가진 이 공간에서 바닷가 근처의 작은 통로에서 채취해서 옮기는 것이다.,1,약 250m의 높이가 있는 이 무공해 탐사선들이 신수하여 옮기는 물을 막는 데 쓰이는 작은 통틀 뒤쪽의 바닷가 외오서 만들어진 ‘리틀 아메리카’라 불리는 모퉁이가 N
마농 레스코 (소설),고졸리(58세)는 당시 빈에 머물던 중국인과 일본대 휴학생들 약 오십이 세의 젊은 승려와 일신 만남을 갖고는 못 만났다고 합니다.,1,그 당시 빈에서 지냈던 중국과 일본의 대학교 휴학생들 대략 오십이 세쯤 되는 젊은 승려와 좀체 만남을 갖지 못했다는 고졸리(58세) 얘기입니다.
조선의 왕비 목록,왕비가 비익조가 된 경복궁에서는 평상시 세자빈이 노비였다가 강간으로 죽은 이도 존재했고 고종의 후궁으로 추존된 지 백육,1,왕비가 비익조가 된 경복궁에서는 평상시에 세자빈이 노비였다가 강간으로 죽은 이도 있었고 고종의 후궁으로 추존된 지 백육십구년 지복
장풍운전,최근 국내의 소설 사이트에서 박선옥이라는 소설가의 작품을 볼 수 있습니다.,1,국내의 소설 사이트에서 최근 소설 문필가 박선옥 씨의 작품을 볼 수 있습니다.
제임스 쿡,"아버지는 농장 주인의 문명을 물려받았고, 1736년 아메리카합중국의 뱅크뱅크에서 일하던 자위함의 장본인이 된 그는 모친의 손에 이끌려 태평양을 건너왔다.",1,"태평양을 건너 오게된 아버지는 농장 주인의 문명을 물려받아 갔고, 1736년 아메리카합중국의 뱅크뱅크에서 일하던 자위함의 장본인이 된 그는 모친의 손에 이끌려 온"
52 헤르츠 고래,이끼를 본 적이 많은데 대왕고래와 작은 고래를 구별하는 건 어렵지 않은데 앙코버의 경우 60~74로 많이 나오지만 50,1,"대왕고래와 작은 고래를 구별하는 것이 어렵지 않은데 여러 번 본 이끼를 만났을 때 내는 신고로 앙코버의 선율은 60~74로 잦지만, 대번"
코파 델 레이 2019-20,2009년 런던 올림픽에서 동메달을 획득한 크리스티아누 호날두(36·스페인)가 기록한다면 한국에서도 같은 성적이다.,1,2009년 런던 올림픽에서 동메달을 획득한 크리스티아누 호날두(36·스페인)가 기록한다면 한국에서도 비슷한 성적이다.
페드루 2세 (브라질),그러나 1907년 프랑스 엘리제궁에서 장인이 된 뒤 엘리제를 포함해 37년간 외교관으로 지낸 페드루 1세는 정치적 대립에서 벗어났다.,1,그러나 정치적 대립에서 빠져나온 페드루 1세는 1907년 프랑스 엘리제궁에서 장인이 된 뒤 엘리제를 포함해 37년간 외교관으로 지냈다.
인상 (종교),붓으로 쓴 ‘선비(禪妃)’와 ‘용비’ ‘온수’(캔버스) 같은 그림은 수학을 탐구할 때 이목이 집중되는 부분이다.,1,부처가 우뚝 솟아 있는 듯한 느낌의 붓글씨를 쓴 ‘선비(禪妃)’와 ‘용비’ ‘온수’(캔버스) 같은 그림은 수학에서 이목을 끈
부산광역시의 코로나19 범유행,다른 검사에서 숨진 사람들로는 시신 정보를 취합해 부검 과정에서 찾은 부산 수영구 5층에서 7층까지 사직한 사람들이 검사에 의해 검소하게 숨졌다.,1,"사망자 가운데 시신 정보를 알려 산 이들은 부검 과정에서 검사의 지휘를 받은 부산 수영구 5층에서 7층까지, 다른 검사에서 숨진 자들은 검소하게 숨졌다."
섹스투스 폼페이우스,"뱅크시는 폼페이우스 마그누스, 조지프 첸트프티 주한 프랑스 대사와 함께 오스트리아 빈에 사는 안사람 페자크(Pejac)가 자취한",1,"폼페이우스 마그누스, 조지프 첸트프티 주한 프랑스 대사와 같은 외교관이었던 뱅크시가 오스트리아 빈에 사는 안사람 페자크(Pejac)가 자취한"
서울역 압사 사고,한국여성정책연구원의 박선숙 부장이 서울역 고가 도보 순차 사고 때 화마에 시달린 것으로 알려졌다.,1,서울역 고가 도보 순차 사고 당시 화마에 시달린 것으로 보이는 한국여성정책연구원의 박선숙 부장이 지목되었다고 한다.
권한쟁의심판,"헌법소 판결이나 민법 772조 1항에 명시된 것처럼, 구체적 사안을 알 수 없는 대통령이 수정된 헌법과 법률안의 수정 혹은 변경을 승인하는 것은 헌법",1,권한쟁의심사를 통해 국회에 적합한 직분을 보장한 헌법소 판결이나 민법 772조 1항에 명시된 바에 따르면 구체적 사안을 알 수 없는 대통령이 수정된 헌법 및 법률안의 수정 또는 변경을 승인하는
대한민국-케냐 관계,케냐에 국빈으로서 방문했던 에르도안 대통령은 2008년 케니포드 대통령과 정상회담을 한 뒤 밀월의 친밀도를 높이려고 노력했고 그의 한국 방문 기간에는 정상회담에 실패한 노무현 전 대통령이,1,"한국과 케냐의 관계는 1964년 2월 시작됐습니다. 2012년 당시 케냐를 찾은 한국인은 9400명에 달했습니다. 덕분에 한국은 인도 중국 일본에 이어 아시아 국가 중 케냐에 가장 많은 관광객을 보낸 네 번째 나라가 됐죠.
2016년에 박근혜 전 대통령은 아프리카 순방의 일환으로 케냐를 국빈 방문했다.
두 나라의 관계 개선과 협력 확대를 위해 여러 협정들이 맺어졌습니다. 다양한 분야에서의 협력을 증진하기 위한 노력들이 결실을 맺은 것이죠.
2018년 이낙연 국무총리가 케냐를 방문했다. 그는 우후루 케냐타 대통령과 회담을 가졌다. 그들은 양국 관계의 심화와 무역 증대에 대해 논의했다.
2012년 김황식 국무총리는 케냐를 방문하여 음와이 키바키 대통령과 라일라 오딩가 총리를 만났습니다. 두 정상과의 회담을 통해 양국 관계 증진 방안을 논의했습니다.
2012년 라일라 오딩가 총리가 한국을 찾았습니다. 김황식 국무총리와의 회담도 성사되었죠.
양국 간 상호교역은 302억 달러(약 3억3000만 달러) 규모다. 케냐가 한국에 수출하는 물품은 약 27억4000만 달러(약 3000만 달러)에 달한다. 한국은 케냐에 약 274억 달러(3억 달러)어치의 상품을 수출한다. 2009년 케냐가 한국에 약 9000만 달러(100만 달러)어치의 커피를 수출했고, 2013년에는 5억4000만 달러(600만 달러)로 늘었다.
케냐에서 한국으로 많이 수출되는 물건들을 살펴보면 담배 커피 고철 같은 원자재부터 원석 화분 향신료 같은 특산품까지 다양합니다. 생선이나 목제품 수공예품 맥주 등도 빼놓을 수 없죠.
한국에서 케냐로 수출하는 주요 품목은 철강, 플라스틱, 전기기계, ICT 장비, 화학제품, 고무제품, 제약, 자동차 등이다.
양국은 무역 개선, 보조금 및 개발 지원 감독, 케냐와 한국에 대한 투자 촉진 및 보호, 이중과세 회피에 관한 양해각서(MOU)와 협정을 체결했다.
삼성 LG 현대 등 많은 한국 기업들이 나이로비에 지사를 두고 있습니다. 삼성은 케냐에 TV 조립 공장을 세울 계획이라고 합니다. 그리고 2012년에는 대우건설이 케냐 킬리피 현에서 발전소 건설 계약을 따냈는데 무려 1190억 달러 약 13억 달러 규모였습니다.
대한민국은 나이로비에 대사관을 두고 있다. 케냐에는 2007년 문을 연 서울에 대사관이 있다."
우크라이나 소비에트 사회주의 공화국,"소비에트연맹은 콜코프스키의 ‘플레빈스 모조’ 규칙에 의거해 각국 국민들에게 여러 가지 자격을 부여해 달라고 요청했는데, 러시아가 리튬튬",1,"소비에트연맹은 콜코프스키의 ‘플레빈스 모조’ 규칙에 따라 각 나라의 국민들에게 여러 가지 자격을 부여해 달라고 요청했는데, 러시아가 이 의견에 따르면 리튬튬"
태풍 링링 (2019년),"한국식으로 '꽃'에 비유되는 아름다운 여성이다, 꽃과 같은 생김새로 인한 '본보기 드름성'이기도 한 프레젠트(태양변속기)나 섬 풍속으로 흘러가는 바닷바람에",1,태풍 '꽃'에 비유되는 아름다운 여성이 한국식 이름인 프레젠트(태양변속기)나 섬 풍속으로 인한 '본보기 드름성의 흔적이 잘 드러나는
손열음,국내 피아노 계 계수로 데뷔한 지 꽤 된 거 같아요.,1,"손열음 1986년생 대한민국 피아니스트입니다. 2011년 제14회 차이콥스키 국제 피아노 콩쿠르에서 뛰어난 실력을 인정받아 준우승을 차지했죠. 거기에 모차르트 협주곡 최고연주상과 콩쿠르 위촉작품 최고연주상까지 수상했습니다.
손열음은 1986년 5월 2일생입니다. 초등학교 5학년이던 1997년, 차이콥스키 국제 콩쿠르에서 최연소 2위에 입상하며 주목받기 시작했죠. 이듬해인 1998년 7월에는 금호영재콘서트의 첫 주자로 무대에 서며 음악계에 데뷔했습니다. 금호문화재단의 영재 발굴 프로그램 덕분이었죠. 이후 승승장구했습니다. 1999년 오벌린 국제 콩쿠르를 시작으로 2000년 에틀링엔 국제 콩쿠르, 2002년 베르첼리 비오티 국제 콩쿠르에서 연이어 최연소 우승을 차지했어요. 2005년 루빈스타인 국제 피아노 콩쿠르에서도 3위에 입상하며 국내외에서 인정받았습니다. 하지만 정말 큰 주목을 받은 건 2009년 반클라이번 국제 피아노 콩쿠르였습니다. 준우승과 최우수 실내악 연주상을 동시에 수상하며 그의 재능을 확실히 인정받았죠.
발레리 게르기예프, 로린 마젤, 로렌스 포스터, 드미트리 키타옌코, 유리 바슈멧, 제임스 콘론, 카렐 마크 시숑, 네빌 마리너, 정명훈 등의 지휘로 뉴욕 필하모닉, 로테르담 필하모닉, 이스라엘 필하모닉, 체코 필하모닉, 도쿄 필하모닉, 도이치 라디오 필하모니, NDR라디오필하모니, NHK 심포니, 시애틀 심포니, 예루살렘 심포니, 스베틀라노프 심포니, 아카데미 오브 세인트 마틴 인 더 필즈, 마린스키 극장 오케스트라 등 세계 정상급의 오케스트라와 협연 무대를 가졌으며, 독일 라인가우 페스티벌, 바트 키싱엔 페스티벌, 프랑스 브장송 페스티벌, 폴란드 베토벤 부활절 페스티벌, 스웨덴 발틱시 페스티벌, 슬로베니아 류블리아나 페스티벌, 미국 포틀랜드 피아노 인터내셔널 등에 초청되어 연주하였다.
또한 서울시향, KBS교향악단, 코리안심포니 오케스트라 및 부천, 수원, 대전, 부산, 울산, 광주, 원주시향 등 국내의 모든 주요 교향악단들과 협연하였고 2007년 뉴욕 UN 총회장에서 열린 반기문 UN 사무총장 취임 축하 연주, 2012년 한국-오스트리아 수교 120주년을 기념한 오스트리아 대통령궁 음악회에서 연주, 2013년 박근혜 대통령의 방미 일정에 동참하여 한미 동맹 60주년 기념 만찬에서 연주하는 등 대한민국의 문화사절로도 활발한 활동을 펼쳐왔다. 제1회 ‘금호음악인상’, ‘난파음악상’, 문화체육관광부의 ‘오늘의 젊은 예술가상’을 수상하고 동아일보의 ‘한국을 빛낼 100인’에 3년 연속 선정되어 명예의 전당에 오르는 등 명실상부한 대한민국의 대표 피아니스트로 자리매김했다.
2004년 10월, 첫 음반인 '쇼팽의 에튀드 전곡집'을 선보였습니다. 2008년 12월에는 '쇼팽의 피아노와 현을 위한 녹턴' 음반이 유니버설 레이블을 통해 나왔죠. 2009년 '반클라이번 콩쿠르' 연주 실황은 이듬해 아르모니아 문디에서 음반으로 출시되었습니다. 국내에선 2012년 7월, 오뉴월뮤직에서 '피아노' 음반을 발매했는데 국내 최초 멀티채널 SACD라는 점이 특징입니다. 마지막으로 2016년에는 DECCA 레이블을 통해 근대 음악을 담은 '모던 타임즈' 음반을 발표했습니다.
중앙일보의 주말에디션인 중앙선데이의 최연소 고정 칼럼니스트로도 활동했던 그녀는 지난 5년간 기고해 온 칼럼들을 모아 2015년 5월, 첫 에세이집 <하노버에서 온 음악편지>를 출간하기도 했다. 또한 고향인 강원도 원주시와 한국을 대표하는 공연장인 예술의전당의 홍보대사로도 활약 중이다. 2016년, 평창대관령음악제의 부예술감독으로 위촉되어 정명화, 정경화 예술감독과 함께 대한민국을 대표하는 클래식 음악 축제를 기획했고, 현재는 평창대관령음악제의 예술감독으로 음악축제를 총지휘하고 있다. 한국예술종합학교에서 김대진 교수와 수학하였고, 현재 독일 하노버 국립음대에서 아리에 바르디 교수를 사사하고 있다.
MBC TV의 클래식 음악프로그램인 TV 예술무대의 2018년 7월 14일부터 손열음 씨가 진행자로 다양한 클래식 공연을 시청자들에게 소개하고 있다. 또한, 2018년 부조니 피아노 콩쿨에서 예선 심사위원장으로 선임되어 신인 음악가를 발굴하는 역할도 수행하였다."
윤주 (배우),평소 영화와 드라마를 다뤄 봤던 어머니(인사동 스캔들)는 죽고 나서 4년 만에 다시 공연에 참가하게 되었다.,1,"‘인사동 스캔들’ 이후에 4년 만에 다시 공연에 참가하게 된 것이, 평상시 영화와 드라마를 다뤄봤던 탓에 바짝 얼굴을 내밀고 싶어 하던 모친의 숨이 끊겼지만"
제네바주,스위스 서남쪽 주둔지에 있던 나폴레옹 사보이아 왕조의 수도에서 수도로 바뀌면서 반대 세력 주변인 제네바 호수 근처에서 흘러들어왔다,1,스위스 서남쪽 주둔지에 있던 나폴레옹 사보이아 왕조의 서반 토우에서 수도로 바뀌면서 불찬성 목하 근처인 제네바 호수 근처에서
라퍼스빌-요나,"스위스 근교의 가장 큰 도시인 라퍼스빌은 시내에서 탈피한 제정 러시아, 특히 취리히 지역의 교역자, 곧장 네덜란드, 빙터, 레바논으로 소문난다.",1,"스위스 근교에서 가장 큰 도시인 라퍼스빌은 시내에서 탈피한 제정 러시아, 특히 취리히 지역의 교역자, 곧장 네덜란드, 빙터, 레바논"
똥 밟았네,국내 업체 사이트에 게시된 19세 이하 관람 금지 판정을 받은 21세 이상 남자들이 자신의 아이디를 이용해 쉽게 욕설을 없애 달라고 신청하는 일이 생기게 되었다.,1,국내 업체 사이트에 게시된 19세 이하 관람 금지 판정을 받은 21세 초과 남자들이 자신의 아이디를 이용해 쉽게 욕설을 삭제해 달라고 신청하는 일이 생기게 되었다.
이희헌 (조선),조선 왕조에서 후계자로 신봉한 서예와 주자학을 다루는 것을 평평하게 된 외동딸 김제(外交) 한국은 두 나라와 비슷한 직업을 갖게 되었다.,1,조선 왕조에서 후계자로 신봉한 서예와 주자학을 다루는 것을 평평하게 된 외동딸 김제(外交) 한국은 두 나라와 비슷한 직업을 갖게 되었다.
오릭스 버펄로스,"한큐 야구단은 지난 2005년부터 운영 중인데, 80여 년간 오릭스 계열의 모기업으로 삼아왔다.",1,"한큐 야구단은 80여 년간 운영되어 오릭스 계열의 모기업으로 취급되어 왔는데, 지난 2005년부터는 운영이 두 회사에서 분리되었다."
대각성 (운동),"안준호 선교인은 1907년에서 1980년까지 서울대 로스쿨에서 공부했으며, 한국사회에 적을 두고 있던 안사람 김구 선생님의 평판을 들은 경외한 신임을 받았다.",1,1907년에서 1980년까지 서울대 로스쿨에서 수학한 선교사 안준호 선생님은 한국사회에 적을 두고 있던 안사람 김구 선생의 평판을 들은 경외한 신임을
안근,"안근(案》) 노문과 문필가 안은 색태가 검정색인 것은 두고, 노랑색은 청록( 검정색이 계열인 것), 청랑(노랑",1,"안근(案》) 노문과 문필가 안은 색태가  검정색인 것은 두고, 노랑색은 청색( 검정색이 계열인 것), 청록(노"
1세대 원자로,이란 핵 발전소와 러시아 원자력 발전소 등은 대단히 놀란 원자력 정책을 갖고,1,원자력 정책을 수정했는데 이란 핵 발전소와 러시아 원자력 발전소 등등은 놀라울 정도로 매우 놀라웠습니다.
인공지진,"이 문서는 지구의 지각에 응력을 가해 가해하는 대지진이 일어났을 때 또는 지구가 지구를 휩쓸었던 다른 혹자들의 지진이 발생했을 때도, 미처 알 수 없는 출처에서 떠들어온 것이다.",1,"이 문서는 지구의 지각에 응력을 가해 가해하는 대지진이 일어났을 때나 지구가 지구를 휩쓸었던 다른 혹자들의 지진이 발생했을 때도, 미처 알 수 없는 출처"
대한민국의 이민정책,"외국인 정책 위원회는 2003년 조직되었지만 현재 정부출연기관인 외국인정책위원회(NOCOC), 외교통상부(현 기획재정부) 등의 장위 설치 및 비부패적 업무가 다수 다수",1,"외국인 정책 위원회는 2003년 설립되었지만 지금 정부출연기관인 외국인정책위원회(NOCOC), 외교통상부(현 기획재정부) 등의 장위 설치 및 비부패적 업무가 다수 다수"
비유사성의 기준,특히 유대인은 템플 스테이츠나 예배당으로부터 예수를 지반으로 한 옛적 그리스도교계의 기본적표준을 저버리지 않는 ‘유리천장’이 통,1,특히 유대인은 템플 스테이츠나 예배당으로부터 예수를 지반으로 한 옛적 그리스도교계의 기본적표준을 저버리지 않는 ‘유리천장’이 통틀어 일
5.7 × 28 mm,"이 총탄이 민간 어선들에게 안전의 기회를 주었는데, 이는 너구리 패스와 유사하다.",1,"이 총탄이 민간 어선들에게 안전한 귀결을 선사할 수 있게 된 데는, 너구리 패스와 같다."
